Dataset,Size,Dimension,Cardinality,ClId,Core_Point,Border_Point,Noise_Point,Reading_Time,Clustering_Time,Save_Time,Total_Time,Purity_Index,Rand_Index,DaviesBouldin_Index,Silhouette_Score
lacture,12,2,,3,5,3,4,0.00400233268737793,0.001989126205444336,0.0019991397857666016,0.007990598678588867,0.9166666666666666,0.8939393939393939,1.9059205966078105,0.3373547010839654
dim512,1024,512,16,16,1024,0,0,0.6209273338317871,17.812995433807373,0.07596445083618164,18.509887218475342,1.0,0.06158357771260997,0.020462093941147314,0.9866905689991257
complex9,3031,2,9,50,2160,306,565,0.03609895706176758,51.045888900756836,0.011995315551757812,51.09398317337036,0.9165291982843946,0.5652656324688886,1.2550375046817017,-0.08941372272421541
cluto_t7_10k,10000,2,10,78,7065,793,2142,0.11416769027709961,667.3534648418427,0.03201460838317871,667.4996471405029,0.9333,0.593961396139614,2.6295117653374787,-0.30772148227695273
letter,20000,16,26,17,156,0,19844,0.45221495628356934,2475.006246328354,0.332089900970459,2475.790551185608,1.0,0.9999438321916095,1.1171909203746495,-0.33247442335542376
