Dataset,Size,Dimension,Cardinality,ClId,Core_Point,Border_Point,Noise_Point,Reading_Time,kNN/rkNN_Time,Clustering_Time,Save_Time,Total_Time,Purity_Index,Rand_Index,DaviesBouldin_Index,Silhouette_Score
lacture,12,2,,2,8,4,0,0.00400233268737793,0.0020008087158203125,0.0,0.006001472473144531,0.012004613876342773,0.6666666666666666,0.45454545454545453,0.30755551343652904,0.7137552071442977
dim512,1024,512,16,27,209,815,0,0.6199190616607666,18.267762184143066,0.0009999275207519531,0.08713722229003906,18.975818395614624,0.7958984375,0.34424257697947214,2.1025053175658854,0.708637404037276
complex9,3031,2,9,39,1753,1277,1,0.03509831428527832,55.35114932060242,0.004002809524536133,0.07013487815856934,55.4603853225708,0.580666446717255,0.48917620234474785,0.8150710841172983,0.21044120015408185
cluto_t7_10k,10000,2,10,62,5891,4077,32,0.11317920684814453,621.1204781532288,0.014990091323852539,0.2531144618988037,621.5017619132996,0.5971,0.4883766376637664,1.5613205890645308,-0.11810444184729096
letter,20000,16,26,58,9896,10098,6,0.4492013454437256,2615.576711177826,0.044013023376464844,0.953629732131958,2617.023555278778,0.5219,0.5005912645632281,1.2255972502440406,-0.20784965692126506
