Dataset,Size,Dimension,Cardinality,ClId,Core_Point,Border_Point,Noise_Point,Reading_Time,kNN/rkNN_Time,Clustering_Time,Save_Time,Total_Time,Purity_Index,Rand_Index,DaviesBouldin_Index,Silhouette_Score
lacture,12,2,,2,8,4,0,0.00999760627746582,0.00099945068359375,0.0,0.014326333999633789,0.02532339096069336,0.6666666666666666,0.45454545454545453,0.30755551343652904,0.7137552071442977
dim512,1024,512,16,27,209,815,0,0.6209068298339844,5.269697666168213,0.0009984970092773438,0.08820056915283203,5.979803562164307,0.7958984375,0.34424257697947214,2.1025053175658854,0.708637404037276
complex9,3031,2,9,39,1753,1277,1,0.03509831428527832,7.095079183578491,0.0020885467529296875,0.06632041931152344,7.198586463928223,0.580666446717255,0.48917620234474785,0.8150710841172983,0.21044120015408185
cluto_t7_10k,10000,2,10,62,5891,4077,32,0.11317920684814453,31.629474878311157,0.018149375915527344,0.31623005867004395,32.07703351974487,0.5971,0.4883766376637664,1.5613205890645308,-0.11810444184729096
letter,20000,16,26,2,11614,8386,0,0.44920921325683594,1664.0053441524506,0.05300593376159668,0.9380373954772949,1665.4455966949463,0.5807,0.5126479523976198,0.7708602677257612,0.19944282811182903
